


email,ravi98,lastname,address,phone,birthdate,tag,substatus,source,segment,arch
aafrinchorvada77@gmail.com,,,,0,0000-00-00,"36,37,",1,"Google Contact API",,1
akashlakhani04@gmail.com,,,,0,0000-00-00,"36,37,",1,"Google Contact API",,1
akz04al@gmail.com,,,,0,0000-00-00,"36,37,",1,"Google Contact API",,1
rahul@gmail.com,cc,cfcf,vfvff,977676,0000-00-00,"36,37,",1,"convertcsv (18).csv",,0
vbnmca2019-21@googlegroups.com,,,,0,0000-00-00,"36,37,",2,"Google Contact API",,0
vekariyakamlesh7894@gmail.com,,,,0,0000-00-00,"36,37,",2,"Google Contact API",,0
vipulkotval07@gmail.com,,,,0,0000-00-00,"36,37,",2,"Google Contact API",,0
